pitch_type,game_date,release_speed,release_pos_x,release_pos_z,pitcher_name,batter,pitcher,events,description,spin_dir,spin_rate_deprecated,break_angle_deprecated,break_length_deprecated,zone,des,game_type,stand,p_throws,home_team,away_team,type,hit_location,bb_type,balls,strikes,game_year,pfx_x,pfx_z,plate_x,plate_z,on_3b,on_2b,on_1b,outs_when_up,inning,inning_topbot,hc_x,hc_y,tfs_deprecated,tfs_zulu_deprecated,fielder_2,umpire,sv_id,vx0,vy0,vz0,ax,ay,az,sz_top,sz_bot,hit_distance_sc,launch_speed,launch_angle,effective_speed,release_spin_rate,release_extension,game_pk,pitcher.1,fielder_2.1,fielder_3,fielder_4,fielder_5,fielder_6,fielder_7,fielder_8,fielder_9,release_pos_y,estimated_ba_using_speedangle,estimated_woba_using_speedangle,woba_value,woba_denom,babip_value,iso_value,launch_speed_angle,at_bat_number,pitch_number,pitch_name,home_score,away_score,bat_score,fld_score,post_away_score,post_home_score,post_bat_score,post_fld_score,if_fielding_alignment,of_fielding_alignment,spin_axis,delta_home_win_exp,delta_run_exp,attack_zone,swing,batter_name
FF,2022-10-05,93.8,2.39,5.44,"Hughes, Brandon",605244,676714,field_out,hit_into_play,,,,,9,Aramis Garcia flies out to center fielder Christopher Morel.,R,R,L,CIN,CHC,X,8,fly_ball,2,2,2022,1,1.24,0.53,2.14,,,,2,9,Bot,147.64,55.62,,,664731,,,-7.010134361,-136.3306142,-5.521056942,14.04221934,31.03545055,-15.67880987,3.52,1.59,359,97.5,33,93.7,2364,6.4,663131,676714,664731,663845,606019,623520,656716,621550,666624,676369,54.11,0.251,0.492,0,1,0,0,5,88,5,4-Seam Fastball,2,15,2,15,15,2,2,15,Standard,Standard,133,0,-0.083,heart,0,"garcia, aramis"
FF,2022-10-05,93.3,2.3,5.51,"Hughes, Brandon",605244,676714,,ball,,,,,11,Aramis Garcia flies out to center fielder Christopher Morel.,R,R,L,CIN,CHC,B,,,1,2,2022,0.93,1.37,-1.09,2.49,,,,2,9,Bot,,,,,664731,,,-10.79103049,-135.4159646,-4.99689079,13.81238845,29.52169946,-14.35959817,3.33,1.46,,,,93.4,2332,6.5,663131,676714,664731,663845,606019,623520,656716,621550,666624,676369,54.02,,,,,,,,88,4,4-Seam Fastball,2,15,2,15,15,2,2,15,Standard,Standard,132,0,0.014,shadow,0,"garcia, aramis"
SL,2022-10-05,84.3,2.45,5.21,"Hughes, Brandon",605244,676714,,ball,,,,,13,Aramis Garcia flies out to center fielder Christopher Morel.,R,R,L,CIN,CHC,B,,,0,2,2022,-0.18,0.36,-0.76,-0.1,,,,2,9,Bot,,,,,664731,,,-7.136195725,-122.5468525,-6.718318847,-0.4416085029,23.11022441,-27.46091523,3.36,1.54,,,,84.7,2288,6.5,663131,676714,664731,663845,606019,623520,656716,621550,666624,676369,54.02,,,,,,,,88,3,Slider,2,15,2,15,15,2,2,15,Standard,Standard,216,0,0.011,waste,0,"garcia, aramis"
FF,2022-10-05,93.8,2.32,5.48,"Hughes, Brandon",605244,676714,,called_strike,,,,,4,Aramis Garcia flies out to center fielder Christopher Morel.,R,R,L,CIN,CHC,S,,,0,1,2022,1.11,1.24,-0.31,2.76,,,,2,9,Bot,,,,,664731,,,-9.275322457,-136.2196363,-4.004773264,15.86170368,30.59375389,-16.04319708,3.39,1.54,,,,94,2295,6.6,663131,676714,664731,663845,606019,623520,656716,621550,666624,676369,53.94,,,,,,,,88,2,4-Seam Fastball,2,15,2,15,15,2,2,15,Standard,Standard,133,0,-0.023,heart,0,"garcia, aramis"
FF,2022-10-05,94.1,2.34,5.54,"Hughes, Brandon",605244,676714,,swinging_strike,,,,,5,Aramis Garcia flies out to center fielder Christopher Morel.,R,R,L,CIN,CHC,S,,,0,0,2022,0.93,1.3,-0.01,2.9,,,,2,9,Bot,,,,,664731,,,-8.163586715,-136.7744714,-3.999852994,13.50357117,31.13941318,-15.20701777,3.52,1.59,,,,94.1,2328,6.4,663131,676714,664731,663845,606019,623520,656716,621550,666624,676369,54.08,,,,,,,,88,1,4-Seam Fastball,2,15,2,15,15,2,2,15,Standard,Standard,133,0,-0.017,heart,0,"garcia, aramis"
FF,2022-10-05,93.8,2.33,5.5,"Hughes, Brandon",608703,676714,field_out,hit_into_play,,,,,12,Matt Reynolds grounds out to first baseman Alfonso Rivas.,R,R,L,CIN,CHC,X,3,ground_ball,0,1,2022,1.11,1,0.11,3.32,,,,1,9,Bot,153.39,165.76,,,664731,,,-8.187319713,-136.3998769,-2.08724644,15.64816639,31.13918834,-19.43883761,3.02,1.45,48,74.6,1,93.7,2211,6.4,663131,676714,664731,663845,606019,623520,656716,621550,666624,676369,54.12,0.103,0.093,0,1,0,0,2,87,2,4-Seam Fastball,2,15,2,15,15,2,2,15,Standard,Standard,126,0,-0.132,shadow,0,"reynolds, matt"
FF,2022-10-05,94.5,2.25,5.47,"Hughes, Brandon",608703,676714,,called_strike,,,,,7,Matt Reynolds grounds out to first baseman Alfonso Rivas.,R,R,L,CIN,CHC,S,,,0,0,2022,0.93,1.46,-0.74,1.46,,,,1,9,Bot,,,,,664731,,,-9.871491798,-137.0546239,-7.959618757,14.05384977,33.10884774,-12.06684941,2.97,1.51,,,,94.1,2326,6.4,663131,676714,664731,663845,606019,623520,656716,621550,666624,676369,54.06,,,,,,,,87,1,4-Seam Fastball,2,15,2,15,15,2,2,15,Standard,Standard,124,0,-0.024,shadow,0,"reynolds, matt"
FF,2022-10-05,92.8,2.48,5.4,"Hughes, Brandon",641584,676714,field_out,hit_into_play,,,,,14,Jake Fraley pops out to third baseman David Bote in foul territory.,R,L,L,CIN,CHC,X,5,popup,3,2,2022,1.08,0.97,0.99,2.2,,,,0,9,Bot,86.74,187.11,,,664731,,,-6.181549291,-135.0224201,-4.522636417,14.57434279,30.32901332,-19.49415959,3.28,1.59,103,62.1,68,92.8,2134,6.4,663131,676714,664731,663845,606019,623520,656716,621550,666624,676369,54.14,0,0,0,1,0,0,3,86,6,4-Seam Fastball,2,15,2,15,15,2,2,15,Standard,Standard,130,0,-0.299,shadow,0,"fraley, jake"
FF,2022-10-05,94.7,2.32,5.55,"Hughes, Brandon",641584,676714,,ball,,,,,11,Jake Fraley pops out to third baseman David Bote in foul territory.,R,L,L,CIN,CHC,B,,,2,2,2022,1.04,1.29,-1.51,2.83,,,,0,9,Bot,,,,,664731,,,-12.30058384,-137.3408264,-4.259105055,15.9531336,32.22608058,-15.07270367,3.36,1.56,,,,94.4,2341,6.5,663131,676714,664731,663845,606019,623520,656716,621550,666624,676369,54.05,,,,,,,,86,5,4-Seam Fastball,2,15,2,15,15,2,2,15,Standard,Standard,134,0,0.103,chase,0,"fraley, jake"
SI,2022-10-05,93.4,2.36,5.41,"Hughes, Brandon",641584,676714,,foul,,,,,12,Jake Fraley pops out to third baseman David Bote in foul territory.,R,L,L,CIN,CHC,S,,,2,1,2022,1.42,0.82,1.39,3.58,,,,0,9,Bot,,,,,664731,,,-5.642659461,-135.8532427,-0.7294075267,18.82234197,31.15029368,-22.14395297,3.28,1.59,,,,93.5,2220,6.5,663131,676714,664731,663845,606019,623520,656716,621550,666624,676369,54.04,,,,,,,,86,4,Sinker,2,15,2,15,15,2,2,15,Standard,Standard,132,0,-0.066,chase,0,"fraley, jake"
FF,2022-10-05,94,2.34,5.47,"Hughes, Brandon",641584,676714,,ball,,,,,13,Jake Fraley pops out to third baseman David Bote in foul territory.,R,L,L,CIN,CHC,B,,,1,1,2022,1.09,1.13,-0.89,2.38,,,,0,9,Bot,,,,,664731,,,-10.77935632,-136.3424969,-4.762414997,16.0396971,31.35064532,-17.16959804,3.39,1.64,,,,93.8,2343,6.4,663131,676714,664731,663845,606019,623520,656716,621550,666624,676369,54.07,,,,,,,,86,3,4-Seam Fastball,2,15,2,15,15,2,2,15,Standard,Standard,130,0,0.049,shadow,0,"fraley, jake"
FF,2022-10-05,93.5,2.28,5.52,"Hughes, Brandon",641584,676714,,ball,,,,,11,Jake Fraley pops out to third baseman David Bote in foul territory.,R,L,L,CIN,CHC,B,,,0,1,2022,0.94,1.39,-1.03,2.99,,,,0,9,Bot,,,,,664731,,,-10.58821329,-135.6493647,-3.758307535,14.00506004,31.83309058,-14.43114634,3.36,1.59,,,,93.1,2362,6.4,663131,676714,664731,663845,606019,623520,656716,621550,666624,676369,54.12,,,,,,,,86,2,4-Seam Fastball,2,15,2,15,15,2,2,15,Standard,Standard,137,0,0.025,shadow,0,"fraley, jake"
FF,2022-10-05,92.7,2.45,5.4,"Hughes, Brandon",641584,676714,,called_strike,,,,,7,Jake Fraley pops out to third baseman David Bote in foul territory.,R,L,L,CIN,CHC,S,,,0,0,2022,1.02,1.2,-0.31,1.96,,,,0,9,Bot,,,,,664731,,,-9.261150316,-134.5402739,-5.568413706,14.42232884,29.79283315,-16.58202811,3.39,1.59,,,,92.6,2295,6.4,663131,676714,664731,663845,606019,623520,656716,621550,666624,676369,54.11,,,,,,,,86,1,4-Seam Fastball,2,15,2,15,15,2,2,15,Standard,Standard,130,0,-0.034,heart,0,"fraley, jake"
FF,2022-10-05,95.5,-2.74,6.08,"Strickland, Hunter",621550,519326,field_out,hit_into_play,,,,,3,Patrick Wisdom pops out to first baseman Aramis Garcia in foul territory.,R,R,R,CIN,CHC,X,3,popup,0,0,2022,-0.64,1.41,0.55,2.98,,,,2,9,Top,172.78,182.73,,,519222,,,10.01391604,-138.6987942,-5.639512183,-10.52590464,32.32501798,-12.84615426,3.33,1.61,115,89.9,71,94.6,2501,6,663131,519326,519222,605244,668715,608703,676480,656413,672279,641584,54.52,0.006,0.005,0,1,0,0,3,85,1,4-Seam Fastball,2,15,15,2,15,2,15,2,Infield shift,Standard,217,0,-0.099,heart,0,"wisdom, patrick"
FF,2022-10-05,94.2,-2.82,6.05,"Strickland, Hunter",663845,519326,strikeout,called_strike,,,,,4,Alfonso Rivas called out on strikes.,R,L,R,CIN,CHC,S,2,,2,2,2022,-0.63,1.43,-0.36,2.72,,,,1,9,Top,,,,,519222,,,7.706718943,-136.833848,-6.021604744,-9.628061389,30.81438329,-13.11056639,3.33,1.56,,,,93.3,2447,5.9,663131,519326,519222,605244,668715,608703,676480,656413,672279,641584,54.62,,,0,1,0,0,,84,5,4-Seam Fastball,2,15,15,2,15,2,15,2,Infield shift,Standard,221,0,-0.134,heart,0,"rivas, alfonso"
FF,2022-10-05,94.3,-3.04,5.84,"Strickland, Hunter",663845,519326,,ball,,,,,11,Alfonso Rivas called out on strikes.,R,L,R,CIN,CHC,B,,,1,2,2022,-0.7,1.31,-1.48,4.92,,,,1,9,Top,,,,,519222,,,5.578650223,-137.1721736,0.4184545298,-10.1119672,32.15957962,-16.05766733,3.33,1.54,,,,93.3,2392,5.9,663131,519326,519222,605244,668715,608703,676480,656413,672279,641584,54.63,,,,,,,,84,4,4-Seam Fastball,2,15,15,2,15,2,15,2,Infield shift,Standard,217,0,0.023,waste,0,"rivas, alfonso"
FC,2022-10-05,88.1,-3.07,5.74,"Strickland, Hunter",663845,519326,,foul,,,,,9,Alfonso Rivas called out on strikes.,R,L,R,CIN,CHC,S,,,1,1,2022,0.27,0.76,0.39,1.83,,,,1,9,Top,,,,,519222,,,7.790274575,-127.9871584,-4.906680363,1.260130515,27.83251335,-22.97074488,3.22,1.48,,,,87.4,2761,6.1,663131,519326,519222,605244,668715,608703,676480,656413,672279,641584,54.44,,,,,,,,84,3,Cutter,2,15,15,2,15,2,15,2,Infield shift,Standard,104,0,-0.036,shadow,0,"rivas, alfonso"
FF,2022-10-05,95.3,-3,5.86,"Strickland, Hunter",663845,519326,,ball,,,,,12,Alfonso Rivas called out on strikes.,R,L,R,CIN,CHC,B,,,0,1,2022,-0.68,1.41,0.31,4.02,,,,1,9,Top,,,,,519222,,,10.10711744,-138.4051651,-2.310824227,-11.00832958,31.06378895,-13.76207994,3.39,1.51,,,,94.2,2482,5.8,663131,519326,519222,605244,668715,608703,676480,656413,672279,641584,54.73,,,,,,,,84,2,4-Seam Fastball,2,15,15,2,15,2,15,2,Infield shift,Standard,222,0,0.016,chase,0,"rivas, alfonso"
FF,2022-10-05,94.7,-2.91,6.06,"Strickland, Hunter",663845,519326,,called_strike,,,,,13,Alfonso Rivas called out on strikes.,R,L,R,CIN,CHC,S,,,0,0,2022,-0.52,1.4,-0.84,1.79,,,,1,9,Top,,,,,519222,,,6.491432773,-137.5473511,-8.489513998,-8.070530925,30.97288194,-12.62639345,3.39,1.56,,,,93.7,2386,5.8,663131,519326,519222,605244,668715,608703,676480,656413,672279,641584,54.67,,,,,,,,84,1,4-Seam Fastball,2,15,15,2,15,2,15,2,Infield shift,Standard,220,0,-0.024,shadow,0,"rivas, alfonso"
FC,2022-10-05,87.4,-3.25,5.75,"Strickland, Hunter",656716,519326,strikeout,swinging_strike,,,,,5,Zach McKinstry strikes out swinging.,R,L,R,CIN,CHC,S,2,,1,2,2022,0.31,0.66,-0.02,2.47,,,,0,9,Top,,,,,519222,,,7.107755412,-127.1256687,-3.064395354,1.773989043,27.51633325,-24.64169858,3.19,1.55,,,,86.8,2684,6,663131,519326,519222,605244,668715,608703,676480,656413,672279,641584,54.47,,,0,1,0,0,,83,4,Cutter,2,15,15,2,15,2,15,2,Infield shift,Standard,135,0,-0.158,heart,0,"mckinstry, zach"
FF,2022-10-05,94.8,-2.81,6.09,"Strickland, Hunter",656716,519326,,swinging_strike,,,,,12,Zach McKinstry strikes out swinging.,R,L,R,CIN,CHC,S,,,1,1,2022,-0.5,1.4,0.64,3.55,,,,0,9,Top,,,,,519222,,,10.02089629,-137.6936931,-4.013992536,-8.616582519,31.26541521,-13.70838535,3.19,1.55,,,,93.7,2407,5.8,663131,519326,519222,605244,668715,608703,676480,656413,672279,641584,54.68,,,,,,,,83,3,4-Seam Fastball,2,15,15,2,15,2,15,2,Infield shift,Standard,210,0,-0.054,shadow,0,"mckinstry, zach"
CH,2022-10-05,89.7,-2.82,6.12,"Strickland, Hunter",656716,519326,,called_strike,,,,,1,Zach McKinstry strikes out swinging.,R,L,R,CIN,CHC,S,,,1,0,2022,-1.29,0.59,-0.45,3.14,,,,0,9,Top,,,,,519222,,,8.52614146,-130.4407195,-2.599197384,-16.51657032,27.46800631,-25.04681272,3.19,1.56,,,,89.2,1823,6,663131,519326,519222,605244,668715,608703,676480,656413,672279,641584,54.49,,,,,,,,83,2,Changeup,2,15,15,2,15,2,15,2,Infield shift,Standard,211,0,-0.043,heart,0,"mckinstry, zach"
FF,2022-10-05,94.6,-2.9,6.07,"Strickland, Hunter",656716,519326,,ball,,,,,11,Zach McKinstry strikes out swinging.,R,L,R,CIN,CHC,B,,,0,0,2022,-0.61,1.43,-1.27,2.97,,,,0,9,Top,,,,,519222,,,5.57724895,-137.5587125,-5.5542841,-8.947346491,31.37916369,-12.97985248,3.26,1.69,,,,93.8,2446,5.9,663131,519326,519222,605244,668715,608703,676480,656413,672279,641584,54.6,,,,,,,,83,1,4-Seam Fastball,2,15,15,2,15,2,15,2,Infield shift,Standard,211,0,0.033,chase,0,"mckinstry, zach"
FF,2022-10-05,94.8,-1.41,5.77,"Wick, Rowan",664670,592858,field_out,hit_into_play,,,,,3,Alejo Lopez lines out to shortstop Zach McKinstry.,R,L,R,CIN,CHC,X,6,line_drive,2,1,2022,-0.2,1.53,0.73,2.71,,,,2,8,Bot,112.33,127.39,,,664731,,,6.061677774,-137.8709813,-5.783139722,-3.991185465,31.63830837,-11.52899152,2.91,1.39,187,69.4,21,95.2,2260,6.6,663131,592858,664731,663845,606019,623520,656716,621550,666624,676369,53.89,0.84,0.771,0,1,0,0,4,82,4,4-Seam Fastball,2,15,2,15,15,2,2,15,Standard,Standard,194,0,-0.114,shadow,0,"lopez, alejo"
FF,2022-10-05,94.9,-1.46,5.86,"Wick, Rowan",664670,592858,,ball,,,,,11,Alejo Lopez lines out to shortstop Zach McKinstry.,R,L,R,CIN,CHC,B,,,1,1,2022,-0.18,1.52,-1.2,4,,,,2,8,Bot,,,,,664731,,,1.093111228,-138.1335905,-2.58954168,-2.581400469,32.11074056,-12.4140858,2.99,1.38,,,,95.3,2253,6.6,663131,592858,664731,663845,606019,623520,656716,621550,666624,676369,53.87,,,,,,,,82,3,4-Seam Fastball,2,15,2,15,15,2,2,15,Standard,Standard,196,0,0.021,chase,0,"lopez, alejo"
FF,2022-10-05,94.8,-1.45,5.78,"Wick, Rowan",664670,592858,,called_strike,,,,,8,Alejo Lopez lines out to shortstop Zach McKinstry.,R,L,R,CIN,CHC,S,,,1,0,2022,-0.31,1.41,0.24,1.29,,,,2,8,Bot,,,,,664731,,,5.131063204,-137.7622169,-9.276597448,-5.031123392,30.59952308,-12.39887608,2.91,1.4,,,,95.5,2317,6.8,663131,592858,664731,663845,606019,623520,656716,621550,666624,676369,53.72,,,,,,,,82,2,4-Seam Fastball,2,15,2,15,15,2,2,15,Standard,Standard,194,0,-0.021,shadow,0,"lopez, alejo"
FF,2022-10-05,94.7,-1.3,5.94,"Wick, Rowan",664670,592858,,ball,,,,,12,Alejo Lopez lines out to shortstop Zach McKinstry.,R,L,R,CIN,CHC,B,,,0,0,2022,-0.14,1.46,0.66,3.93,,,,2,8,Bot,,,,,664731,,,5.451432172,-137.7770376,-2.841614751,-2.965395426,30.96006146,-13.18533672,2.91,1.4,,,,95,2268,6.5,663131,592858,664731,663845,606019,623520,656716,621550,666624,676369,53.97,,,,,,,,82,1,4-Seam Fastball,2,15,2,15,15,2,2,15,Standard,Standard,190,0,0.015,chase,0,"lopez, alejo"
FF,2022-10-05,95.4,-0.57,5.9,"Wick, Rowan",519222,592858,strikeout,swinging_strike,,,,,3,Austin Romine strikes out swinging.,R,R,R,CIN,CHC,S,2,,3,2,2022,-0.17,1.63,0.29,3.32,,,,1,8,Bot,,,,,664731,,,2.638761419,-138.8567686,-4.854932422,-2.726933298,31.13139009,-10.21685391,3.36,1.56,,,,95.9,2302,6.6,663131,592858,664731,663845,606019,623520,656716,621550,666624,676369,53.93,,,0,1,0,0,,81,6,4-Seam Fastball,2,15,2,15,15,2,2,15,Standard,Standard,192,0,-0.207,shadow,0,"romine, austin"
FF,2022-10-05,95.1,-0.71,5.91,"Wick, Rowan",519222,592858,,foul,,,,,11,Austin Romine strikes out swinging.,R,R,R,CIN,CHC,S,,,3,1,2022,-0.27,1.39,-1.14,3.05,,,,1,8,Bot,,,,,664731,,,-0.5178663704,-138.4580982,-4.965144884,-3.333730069,32.00200048,-13.39918322,3.36,1.56,,,,95.4,2211,6.5,663131,592858,664731,663845,606019,623520,656716,621550,666624,676369,54,,,,,,,,81,5,4-Seam Fastball,2,15,2,15,15,2,2,15,Standard,Standard,197,0,-0.049,chase,0,"romine, austin"
FC,2022-10-05,94.3,-0.61,5.94,"Wick, Rowan",519222,592858,,called_strike,,,,,2,Austin Romine strikes out swinging.,R,R,R,CIN,CHC,S,,,3,0,2022,-0.06,1.43,-0.03,3.02,,,,1,8,Bot,,,,,664731,,,1.641345552,-137.2608135,-5.108932827,-1.118179114,30.27949484,-13.15984681,3.23,1.51,,,,94.8,2238,6.5,663131,592858,664731,663845,606019,623520,656716,621550,666624,676369,53.97,,,,,,,,81,4,Cutter,2,15,2,15,15,2,2,15,Standard,Standard,190,0,-0.052,heart,0,"romine, austin"
FC,2022-10-05,93.4,-0.65,5.92,"Wick, Rowan",519222,592858,,ball,,,,,11,Austin Romine strikes out swinging.,R,R,R,CIN,CHC,B,,,2,0,2022,-0.06,1.55,-0.71,3.87,,,,1,8,Bot,,,,,664731,,,-0.03622416738,-136.0930521,-2.96254643,-0.6954508024,31.00120715,-12.48053767,3.55,1.67,,,,93.9,2198,6.6,663131,592858,664731,663845,606019,623520,656716,621550,666624,676369,53.93,,,,,,,,81,3,Cutter,2,15,2,15,15,2,2,15,Standard,Standard,194,0,0.086,chase,0,"romine, austin"
FC,2022-10-05,94.1,-0.63,5.88,"Wick, Rowan",519222,592858,,ball,,,,,12,Austin Romine strikes out swinging.,R,R,R,CIN,CHC,B,,,1,0,2022,-0.03,1.36,0.02,3.86,,,,1,8,Bot,,,,,664731,,,1.76097458,-137.0779274,-2.564922679,-0.8195042691,30.52859811,-14.66677827,3.36,1.54,,,,94.4,2238,6.4,663131,592858,664731,663845,606019,623520,656716,621550,666624,676369,54.07,,,,,,,,81,2,Cutter,2,15,2,15,15,2,2,15,Standard,Strategic,193,0,0.044,chase,0,"romine, austin"
FF,2022-10-05,94.7,-0.74,5.95,"Wick, Rowan",519222,592858,,ball,,,,,11,Austin Romine strikes out swinging.,R,R,R,CIN,CHC,B,,,0,0,2022,-0.31,1.4,-1.8,3.29,,,,1,8,Bot,,,,,664731,,,-2.084955369,-137.8344141,-4.373564999,-3.448299683,31.80535944,-13.58711123,3.55,1.8,,,,94.8,2142,6.4,663131,592858,664731,663845,606019,623520,656716,621550,666624,676369,54.09,,,,,,,,81,1,4-Seam Fastball,2,15,2,15,15,2,2,15,Standard,Standard,199,0,0.023,waste,0,"romine, austin"
FF,2022-10-05,94.3,-0.76,5.9,"Wick, Rowan",676480,592858,field_out,hit_into_play,,,,,11,Jose Barrero pops out to catcher P.  J. Higgins in foul territory.,R,R,R,CIN,CHC,X,2,popup,1,0,2022,-0.37,1.38,-0.16,3.72,,,,0,8,Bot,144.17,213.98,,,664731,,,2.373954376,-137.3805476,-3.071595904,-5.159082634,30.57375724,-14.20810293,3.46,1.67,50,68.7,82,94.7,2259,6.5,663131,592858,664731,663845,606019,623520,656716,621550,666624,676369,54.01,0.006,0.005,0,1,0,0,3,80,2,4-Seam Fastball,2,15,2,15,15,2,2,15,Standard,Standard,193,0,-0.255,shadow,0,"barrero, jose"
FC,2022-10-05,93.5,-0.67,5.94,"Wick, Rowan",676480,592858,,ball,,,,,11,Jose Barrero pops out to catcher P.  J. Higgins in foul territory.,R,R,R,CIN,CHC,B,,,0,0,2022,0.11,1.22,-0.46,4.52,,,,0,8,Bot,,,,,664731,,,0.3122959445,-136.2649771,-0.5983893829,1.337737613,29.68642023,-17.09580279,3.62,1.72,,,,93.9,2089,6.4,663131,592858,664731,663845,606019,623520,656716,621550,666624,676369,54.09,,,,,,,,80,1,Cutter,2,15,2,15,15,2,2,15,Standard,Standard,188,0,0.033,waste,0,"barrero, jose"
CH,2022-10-05,83.5,3.38,4.91,"Sanmartin, Reiver",666624,665665,field_out,hit_into_play,,,,,14,"Christopher Morel grounds out, third baseman Matt Reynolds to first baseman Aramis Garcia.",R,R,L,CIN,CHC,X,5,ground_ball,0,0,2022,1.52,-0.15,0.35,1.45,,,606019,2,8,Top,105.51,165.76,,,519222,,,-10.01662837,-121.1897887,-1.161072874,16.98470663,24.28050065,-33.67205369,3.4,1.59,5,72,-17,83.7,2147,6.6,663131,665665,519222,605244,668715,608703,676480,656413,672279,641584,53.9,0.057,0.055,0,1,0,0,2,79,1,Changeup,2,15,15,2,15,2,15,2,Standard,Standard,96,0,-0.218,shadow,0,"morel, christopher"
SI,2022-10-05,90.7,3.14,4.86,"Sanmartin, Reiver",623520,665665,strikeout,called_strike,,,,,7,David Bote called out on strikes.,R,R,L,CIN,CHC,S,2,,3,2,2022,1.35,0.19,-0.79,1.64,,,606019,1,8,Top,,,,,519222,,,-12.72993981,-131.5083455,-2.479700448,18.45462437,28.44867801,-29.6261848,3.31,1.54,,,,90.7,2216,6.5,663131,665665,519222,605244,668715,608703,676480,656413,672279,641584,53.98,,,0,1,0,0,,78,6,Sinker,2,15,15,2,15,2,15,2,Standard,Standard,111,0,-0.355,shadow,0,"bote, david"
FF,2022-10-05,92.4,2.99,5.28,"Sanmartin, Reiver",623520,665665,,ball,,,,,13,David Bote called out on strikes.,R,R,L,CIN,CHC,B,,,2,2,2022,1.31,0.93,-1.22,2.21,,,606019,1,8,Top,,,,,519222,,,-13.54735237,-133.8460751,-3.94711451,18.7974741,30.14199028,-20.2957577,3.39,1.59,,,,92,2248,6.4,663131,665665,519222,605244,668715,608703,676480,656413,672279,641584,54.13,,,,,,,,78,5,4-Seam Fastball,2,15,15,2,15,2,15,2,Standard,Standard,120,0,0.089,chase,0,"bote, david"
CH,2022-10-05,84.4,3.29,4.97,"Sanmartin, Reiver",623520,665665,,swinging_strike,,,,,14,David Bote called out on strikes.,R,R,L,CIN,CHC,S,,,2,1,2022,1.57,0,0.48,1.12,,,606019,1,8,Top,,,,,519222,,,-9.664585268,-122.4967739,-2.560114863,17.72808519,25.03884374,-31.82966523,3.31,1.6,,,,84.3,2084,6.4,663131,665665,519222,605244,668715,608703,676480,656413,672279,641584,54.07,,,,,,,,78,4,Changeup,2,15,15,2,15,2,15,2,Standard,Standard,100,0,-0.086,chase,0,"bote, david"
CH,2022-10-05,83.4,3.34,4.9,"Sanmartin, Reiver",623520,665665,,ball,,,,,14,David Bote called out on strikes.,R,R,L,CIN,CHC,B,,,1,1,2022,1.49,-0.27,0.74,1.28,,,606019,1,8,Top,,,,,519222,,,-8.995855184,-121.086197,-1.293571291,16.471902,24.31756668,-34.81210133,3.47,1.59,,,,83.9,2051,6.8,663131,665665,519222,605244,668715,608703,676480,656413,672279,641584,53.68,,,,,,,,78,3,Changeup,2,15,15,2,15,2,15,2,Standard,Standard,99,0,0.073,shadow,0,"bote, david"
SI,2022-10-05,89.8,3.32,5.04,"Sanmartin, Reiver",623520,665665,,foul,,,,,5,David Bote called out on strikes.,R,R,L,CIN,CHC,S,,,1,0,2022,1.57,0.19,0.17,2.52,,,606019,1,8,Top,,,,,519222,,,-11.08486096,-130.2322175,-0.5587908087,20.33602326,29.8099468,-30.10897493,3.31,1.6,2,64.4,-57,89.2,2200,6.3,663131,665665,519222,605244,668715,608703,676480,656413,672279,641584,54.22,,,,,,,,78,2,Sinker,2,15,15,2,15,2,15,2,Standard,Standard,119,0,-0.058,heart,0,"bote, david"
CH,2022-10-05,82.1,3.38,4.97,"Sanmartin, Reiver",623520,665665,,ball,,,,,14,David Bote called out on strikes.,R,R,L,CIN,CHC,B,,,0,0,2022,1.52,-0.1,1.47,1.59,,,606019,1,8,Top,,,,,519222,,,-7.307952518,-119.2462534,-0.8341866917,15.93650208,24.82160715,-33.14282377,3.41,1.56,,,,82.1,2092,6.6,663131,665665,519222,605244,668715,608703,676480,656413,672279,641584,53.89,,,,,,,,78,1,Changeup,2,15,15,2,15,2,15,2,Standard,Standard,97,0,0.042,chase,0,"bote, david"
CH,2022-10-05,83.3,3.29,4.96,"Sanmartin, Reiver",664731,665665,field_out,hit_into_play,,,,,14,P.J. Higgins lines out to right fielder Jake Fraley.,R,R,L,CIN,CHC,X,9,line_drive,0,0,2022,1.65,0.05,0.97,2.24,,,606019,0,8,Top,165.92,99.97,,,519222,,,-8.598359613,-120.9425658,0.1965356242,17.86956482,24.91044437,-32.00908687,3.39,1.66,266,78.2,29,83.5,2145,6.6,663131,665665,519222,605244,668715,608703,676480,656413,672279,641584,53.86,0.249,0.23,0,1,0,0,3,77,1,Changeup,2,15,15,2,15,2,15,2,Standard,Standard,97,0,-0.353,shadow,0,"higgins, p. j."
SL,2022-10-05,78.8,3.35,5.07,"Sanmartin, Reiver",606019,665665,single,hit_into_play,,,,,11,Esteban Quiroz singles on a line drive to right fielder Jake Fraley.,R,L,L,CIN,CHC,X,9,line_drive,0,1,2022,-0.65,0.21,-0.85,2.45,,,,0,8,Top,176.69,131.06,,,519222,,,-7.894715146,-114.5636252,0.7049682585,-4.352300734,20.00043794,-30.67573433,2.88,1.38,143,69.4,16,78.7,2470,6.2,663131,665665,519222,605244,668715,608703,676480,656413,672279,641584,54.34,0.534,0.481,0.9,1,1,0,4,76,2,Slider,2,15,15,2,15,2,15,2,Standard,Standard,237,0,0.429,shadow,0,"quiroz, esteban"
SI,2022-10-05,90.4,3.43,4.83,"Sanmartin, Reiver",606019,665665,,called_strike,,,,,8,Esteban Quiroz singles on a line drive to right fielder Jake Fraley.,R,L,L,CIN,CHC,S,,,0,0,2022,1.56,0.05,0.22,1.44,,,,0,8,Top,,,,,519222,,,-11.30673813,-131.2120153,-2.565122097,20.45061063,28.10269835,-31.23523397,2.99,1.32,,,,90.2,2261,6.3,663131,665665,519222,605244,668715,608703,676480,656413,672279,641584,54.19,,,,,,,,76,1,Sinker,2,15,15,2,15,2,15,2,Standard,Standard,109,0,-0.034,shadow,0,"quiroz, esteban"
CH,2022-10-05,83.7,3.37,5.04,"Sanmartin, Reiver",614177,665665,home_run,hit_into_play,,,,,9,Franmil Reyes homers (14) on a fly ball to right field.    Nelson Velazquez scores.,R,R,L,CIN,CHC,X,,fly_ball,0,1,2022,1.37,-0.31,0.79,2.1,,,676369,0,8,Top,217.02,84.55,,,519222,,,-8.704811007,-121.6072068,0.3002469139,15.30629142,23.87940501,-35.58092632,3.69,1.78,348,101.3,24,84,1975,6.6,663131,665665,519222,605244,668715,608703,676480,656413,672279,641584,53.92,0.563,0.855,2,1,0,3,6,75,2,Changeup,2,13,13,2,15,2,15,2,Standard,Standard,93,0,1.653,shadow,0,"reyes, franmil"
SI,2022-10-05,90.2,3.37,4.98,"Sanmartin, Reiver",614177,665665,,called_strike,,,,,5,Franmil Reyes homers (14) on a fly ball to right field.    Nelson Velazquez scores.,R,R,L,CIN,CHC,S,,,0,0,2022,1.43,0,-0.05,2.75,,,676369,0,8,Top,,,,,519222,,,-11.578253,-130.9034043,0.4363037043,18.87635656,27.21231017,-32.49597469,3.81,1.83,,,,90.4,2194,6.6,663131,665665,519222,605244,668715,608703,676480,656413,672279,641584,53.95,,,,,,,,75,1,Sinker,2,13,13,2,13,2,13,2,Standard,Standard,114,0,-0.066,heart,0,"reyes, franmil"
CH,2022-10-05,84.6,3.32,5.15,"Sanmartin, Reiver",676369,665665,walk,ball,,,,,14,Nelson Velazquez walks.,R,R,L,CIN,CHC,B,,,3,2,2022,1.46,-0.23,0.7,1.41,,,,0,8,Top,,,,,519222,,,-8.972478041,-122.925802,-1.883997701,16.55688157,24.7988741,-34.32815835,3.44,1.64,,,,84.2,1957,6.1,663131,665665,519222,605244,668715,608703,676480,656413,672279,641584,54.37,,,0.7,1,0,0,,74,6,Changeup,2,13,13,2,13,2,13,2,Standard,Standard,95,0,0.321,shadow,0,"velázquez, nelson"
CH,2022-10-05,85.2,3.29,5.06,"Sanmartin, Reiver",676369,665665,,ball,,,,,14,Nelson Velazquez walks.,R,R,L,CIN,CHC,B,,,2,2,2022,1.39,-0.35,1.73,1.96,,,,0,8,Top,,,,,519222,,,-6.467858845,-123.944589,-0.2636484083,15.64363394,25.37221873,-35.90065899,3.47,1.64,,,,85.2,1927,6.4,663131,665665,519222,605244,668715,608703,676480,656413,672279,641584,54.15,,,,,,,,74,5,Changeup,2,13,13,2,13,2,13,2,Standard,Standard,90,0,0.103,waste,0,"velázquez, nelson"
CH,2022-10-05,84.3,3.32,5.04,"Sanmartin, Reiver",676369,665665,,swinging_strike,,,,,14,Nelson Velazquez walks.,R,R,L,CIN,CHC,S,,,2,1,2022,1.33,-0.39,0.1,1.37,,,,0,8,Top,,,,,519222,,,-10.15245133,-122.4308889,-1.34432889,15.43752548,24.36761841,-36.07618043,3.44,1.7,,,,84.5,1952,6.5,663131,665665,519222,605244,668715,608703,676480,656413,672279,641584,53.96,,,,,,,,74,4,Changeup,2,13,13,2,13,2,13,2,Standard,Standard,90,0,-0.066,shadow,0,"velázquez, nelson"
CH,2022-10-05,83.4,3.32,5.07,"Sanmartin, Reiver",676369,665665,,ball,,,,,14,Nelson Velazquez walks.,R,R,L,CIN,CHC,B,,,1,1,2022,1.58,-0.38,1.44,2.2,,,,0,8,Top,,,,,519222,,,-7.394874448,-121.216295,0.6152106218,17.07845683,24.73248477,-36.23983797,3.44,1.64,,,,82.9,2069,6.1,663131,665665,519222,605244,668715,608703,676480,656413,672279,641584,54.4,,,,,,,,74,3,Changeup,2,13,13,2,13,2,13,2,Standard,Standard,92,0,0.049,chase,0,"velázquez, nelson"
CH,2022-10-05,83.9,3.31,5.02,"Sanmartin, Reiver",676369,665665,,swinging_strike,,,,,8,Nelson Velazquez walks.,R,R,L,CIN,CHC,S,,,1,0,2022,1.51,-0.15,-0.21,2.22,,,,0,8,Top,,,,,519222,,,-11.08477717,-121.7488243,0.2405991709,17.1521288,22.97333976,-33.9452201,3.44,1.7,,,,83.8,2078,6.3,663131,665665,519222,605244,668715,608703,676480,656413,672279,641584,54.21,,,,,,,,74,2,Changeup,2,13,13,2,13,2,13,2,Standard,Standard,93,0,-0.043,heart,0,"velázquez, nelson"
CH,2022-10-05,89.5,3.42,4.97,"Sanmartin, Reiver",676369,665665,,ball,,,,,12,Nelson Velazquez walks.,R,R,L,CIN,CHC,B,,,0,0,2022,1.52,0.31,2.23,4.09,,,,0,8,Top,,,,,519222,,,-6.098187639,-130.1663934,3.15953587,18.50969028,27.32641872,-29.51217752,3.47,1.72,,,,89.2,2279,6.1,663131,665665,519222,605244,668715,608703,676480,656413,672279,641584,54.37,,,,,,,,74,1,Changeup,2,13,13,2,13,2,13,2,Standard,Standard,116,0,0.033,waste,0,"velázquez, nelson"
FF,2022-10-05,94.4,-1.86,5.59,"Rucker, Michael",672279,621074,field_out,hit_into_play,,,,,5,Michael Siani pops out to third baseman David Bote in foul territory.,R,L,R,CIN,CHC,X,5,popup,2,0,2022,-0.47,1.52,0.1,2.66,641584,608703,656413,2,7,Bot,86.12,180.91,,,664731,,,6.156968894,-137.2269592,-5.332022074,-7.34979414,30.98497244,-11.96453027,3.41,1.56,130,67.5,68,94.5,2283,6.4,663131,621074,664731,663845,606019,623520,656716,621550,666624,676369,54.08,0,0,0,1,0,0,3,73,3,4-Seam Fastball,2,13,2,13,13,2,2,13,Standard,Standard,215,-0.001,-1.11,heart,0,"siani, michael"
FF,2022-10-05,95.1,-1.91,5.54,"Rucker, Michael",672279,621074,,ball,,,,,14,Michael Siani pops out to third baseman David Bote in foul territory.,R,L,R,CIN,CHC,B,,,1,0,2022,-0.66,1.35,1.39,2.13,641584,608703,656413,2,7,Bot,,,,,664731,,,10.12440393,-138.0999837,-6.338845264,-10.63303165,29.85754743,-13.59249922,3.41,1.59,,,,95.2,2374,6.4,663131,621074,664731,663845,606019,623520,656716,621550,666624,676369,54.11,,,,,,,,73,2,4-Seam Fastball,2,13,2,13,13,2,2,13,Standard,Standard,224,0,0.221,chase,0,"siani, michael"
FF,2022-10-05,95.8,-1.98,5.7,"Rucker, Michael",672279,621074,,ball,,,,,11,Michael Siani pops out to third baseman David Bote in foul territory.,R,L,R,CIN,CHC,B,,,0,0,2022,-0.7,1.33,-0.93,3.39,641584,608703,656413,2,7,Bot,,,,,664731,,,4.348183606,-139.4523279,-3.499746498,-10.1673391,31.35100913,-14.1986331,3.47,1.64,,,,95.5,2380,6.1,663131,621074,664731,663845,606019,623520,656716,621550,666624,676369,54.4,,,,,,,,73,1,4-Seam Fastball,2,13,2,13,13,2,2,13,Standard,Standard,221,0,0.121,shadow,0,"siani, michael"
FF,2022-10-05,95.7,-2.07,5.56,"Rucker, Michael",668715,621074,strikeout,swinging_strike,,,,,2,Spencer Steer strikes out swinging.,R,R,R,CIN,CHC,S,2,,2,2,2022,-0.53,1.38,-0.25,3.46,641584,608703,656413,1,7,Bot,,,,,664731,,,5.976311731,-139.2322448,-3.072135419,-8.156751537,30.10742149,-13.71676599,3.47,1.66,,,,95.9,2328,6.3,663131,621074,664731,663845,606019,623520,656716,621550,666624,676369,54.18,,,0,1,0,0,,72,5,4-Seam Fastball,2,13,2,13,13,2,2,13,Standard,Strategic,214,-0.001,-0.676,shadow,0,"steer, spencer"
SL,2022-10-05,87.2,-2.16,5.43,"Rucker, Michael",668715,621074,,ball,,,,,14,Spencer Steer strikes out swinging.,R,R,R,CIN,CHC,B,,,1,2,2022,0.32,-0.29,1.53,1.02,641584,608703,656413,1,7,Bot,,,,,664731,,,8.183382382,-126.8251827,-3.883185539,1.951462277,23.67061795,-34.81953633,3.47,1.69,,,,87.3,2620,6.2,663131,621074,664731,663845,606019,623520,656716,621550,666624,676369,54.35,,,,,,,,72,4,Slider,2,13,2,13,13,2,2,13,Standard,Strategic,45,0,0.09,chase,0,"steer, spencer"
SL,2022-10-05,87,-1.98,5.51,"Rucker, Michael",668715,621074,,ball,,,,,14,Spencer Steer strikes out swinging.,R,R,R,CIN,CHC,B,,,0,2,2022,0.3,-0.37,0.75,1.39,641584,608703,656413,1,7,Bot,,,,,664731,,,5.934772143,-126.655128,-3.020770105,2.217147983,22.97773027,-35.77743639,3.47,1.67,,,,87.3,2629,6.2,663131,621074,664731,663845,606019,623520,656716,621550,666624,676369,54.28,,,,,,,,72,3,Slider,2,13,2,13,13,2,2,13,Standard,Strategic,54,0,0.045,shadow,0,"steer, spencer"
FF,2022-10-05,96,-1.93,5.61,"Rucker, Michael",668715,621074,,foul,,,,,2,Spencer Steer strikes out swinging.,R,R,R,CIN,CHC,S,,,0,1,2022,-0.62,1.25,-0.14,2.93,641584,608703,656413,1,7,Bot,,,,,664731,,,6.105641686,-139.6731902,-4.286911992,-9.500064232,33.51928828,-15.01755133,3.47,1.66,122,75.8,73,95.5,2323,6.1,663131,621074,664731,663845,606019,623520,656716,621550,666624,676369,54.36,,,,,,,,72,2,4-Seam Fastball,2,13,2,13,13,2,2,13,Standard,Strategic,221,0,-0.15,heart,0,"steer, spencer"
FF,2022-10-05,94.8,-2.02,5.71,"Rucker, Michael",668715,621074,,called_strike,,,,,14,Spencer Steer strikes out swinging.,R,R,R,CIN,CHC,S,,,0,0,2022,-0.55,1.35,0.92,2.38,641584,608703,656413,1,7,Bot,,,,,664731,,,8.915891711,-137.703898,-6.024436432,-9.058623571,31.5168152,-13.76443508,3.48,1.68,,,,94.5,2391,6.3,663131,621074,664731,663845,606019,623520,656716,621550,666624,676369,54.21,,,,,,,,72,1,4-Seam Fastball,2,13,2,13,13,2,2,13,Standard,Strategic,214,0,-0.073,shadow,0,"steer, spencer"
FF,2022-10-05,94.7,-1.97,5.61,"Rucker, Michael",656413,621074,walk,ball,,,,,14,Stuart Fairchild walks.   Jake Fraley to 3rd.    Matt Reynolds to 2nd.,R,R,R,CIN,CHC,B,,,3,0,2022,-0.5,1.32,0.89,1.46,,641584,608703,1,7,Bot,,,,,664731,,,8.571000712,-137.4572082,-8.071296116,-8.300728371,30.93715598,-13.78047189,3.52,1.56,,,,94.3,2313,6.3,663131,621074,664731,663845,606019,623520,656716,621550,666624,676369,54.25,,,0.7,1,0,0,,71,4,4-Seam Fastball,2,13,2,13,13,2,2,13,Standard,Standard,218,0.001,0.325,shadow,0,"fairchild, stuart"
FF,2022-10-05,95.9,-2.02,5.6,"Rucker, Michael",656413,621074,,ball,,,,,12,Stuart Fairchild walks.   Jake Fraley to 3rd.    Matt Reynolds to 2nd.,R,R,R,CIN,CHC,B,,,2,0,2022,-0.58,1.29,0.49,3.63,,641584,608703,1,7,Bot,,,,,664731,,,7.92234796,-139.4354331,-2.484052151,-9.425433405,32.21006654,-14.98485341,3.48,1.56,,,,95.6,2290,6.2,663131,621074,664731,663845,606019,623520,656716,621550,666624,676369,54.28,,,,,,,,71,3,4-Seam Fastball,2,13,2,13,13,2,2,13,Standard,Standard,215,0,0.161,shadow,0,"fairchild, stuart"
FF,2022-10-05,95.6,-2.09,5.58,"Rucker, Michael",656413,621074,,ball,,,,,12,Stuart Fairchild walks.   Jake Fraley to 3rd.    Matt Reynolds to 2nd.,R,R,R,CIN,CHC,B,,,1,0,2022,-0.49,1.27,1.03,2.71,,641584,608703,1,7,Bot,,,,,664731,,,9.328807954,-138.8499489,-4.765437412,-8.491807412,31.21928652,-14.90430362,3.49,1.56,,,,95.3,2300,6.2,663131,621074,664731,663845,606019,623520,656716,621550,666624,676369,54.27,,,,,,,,71,2,4-Seam Fastball,2,13,2,13,13,2,2,13,Standard,Standard,217,0,0.086,shadow,0,"fairchild, stuart"
FC,2022-10-05,89.2,-2.2,5.48,"Rucker, Michael",656413,621074,,ball,,,,,14,Stuart Fairchild walks.   Jake Fraley to 3rd.    Matt Reynolds to 2nd.,R,R,R,CIN,CHC,B,,,0,0,2022,0.13,0.32,1.6,1.35,,641584,608703,1,7,Bot,,,,,664731,,,9.024046772,-129.6668356,-4.816294038,-0.2278737997,24.87349205,-27.82088916,3.55,1.64,,,,89.1,2497,6.1,663131,621074,664731,663845,606019,623520,656716,621550,666624,676369,54.37,,,,,,,,71,1,Cutter,2,13,2,13,13,2,2,13,Standard,Standard,219,0,0.063,chase,0,"fairchild, stuart"
FC,2022-10-05,89.4,-2.14,5.44,"Rucker, Michael",605244,621074,field_out,hit_into_play,,,,,14,Aramis Garcia flies out to right fielder Nelson Velazquez.,R,R,R,CIN,CHC,X,9,fly_ball,1,1,2022,0.07,0.29,0.94,2.01,,641584,608703,0,7,Bot,197.23,124.62,,,664731,,,7.403767485,-130.0532117,-3.099393182,-0.5634347092,24.14142031,-28.50085908,3.52,1.59,254,81.3,44,89.3,2375,6,663131,621074,664731,663845,606019,623520,656716,621550,666624,676369,54.49,0.023,0.024,0,1,0,0,3,70,3,Cutter,2,13,2,13,13,2,2,13,Standard,Strategic,229,-0.001,-0.474,shadow,0,"garcia, aramis"
FF,2022-10-05,95.4,-1.97,5.53,"Rucker, Michael",605244,621074,,swinging_strike,,,,,9,Aramis Garcia flies out to right fielder Nelson Velazquez.,R,R,R,CIN,CHC,S,,,1,0,2022,-0.57,1.31,0.41,1.95,,641584,608703,0,7,Bot,,,,,664731,,,7.523976035,-138.5864922,-6.686665151,-9.074136696,32.69470075,-13.97313567,3.52,1.59,,,,95.1,2339,6.3,663131,621074,664731,663845,606019,623520,656716,621550,666624,676369,54.17,,,,,,,,70,2,4-Seam Fastball,2,13,2,13,13,2,2,13,Standard,Strategic,218,0,-0.116,heart,0,"garcia, aramis"
FF,2022-10-05,96.1,-1.92,5.66,"Rucker, Michael",605244,621074,,ball,,,,,14,Aramis Garcia flies out to right fielder Nelson Velazquez.,R,R,R,CIN,CHC,B,,,0,0,2022,-0.6,1.23,1.61,2.16,,641584,608703,0,7,Bot,,,,,664731,,,10.69009059,-139.4644229,-6.452978154,-10.25625608,31.81235639,-14.75604763,3.41,1.59,,,,95.9,2301,6.4,663131,621074,664731,663845,606019,623520,656716,621550,666624,676369,54.12,,,,,,,,70,1,4-Seam Fastball,2,13,2,13,13,2,2,13,Standard,Strategic,218,0,0.084,chase,0,"garcia, aramis"
FF,2022-10-05,94.3,-2.11,5.53,"Rucker, Michael",608703,621074,walk,ball,,,,,12,Matt Reynolds walks.   Jake Fraley to 2nd.,R,R,R,CIN,CHC,B,,,3,2,2022,-0.54,1.21,1.07,2.97,,,641584,0,7,Bot,,,,,664731,,,9.472838754,-136.9402998,-3.636015009,-8.916719773,30.51162655,-16.33686084,2.99,1.4,,,,94.1,2300,6.3,663131,621074,664731,663845,606019,623520,656716,621550,666624,676369,54.17,,,0.7,1,0,0,,69,6,4-Seam Fastball,2,13,2,13,13,2,2,13,Standard,Standard,221,0.001,0.472,shadow,0,"reynolds, matt"
FF,2022-10-05,95.9,-1.87,5.65,"Rucker, Michael",608703,621074,,ball,,,,,12,Matt Reynolds walks.   Jake Fraley to 2nd.,R,R,R,CIN,CHC,B,,,2,2,2022,-0.58,1.29,0.79,3.65,,,641584,0,7,Bot,,,,,664731,,,8.324150599,-139.4270039,-2.554390321,-9.460238237,32.263104,-15.03426076,3.02,1.43,,,,95.4,2368,6.1,663131,621074,664731,663845,606019,623520,656716,621550,666624,676369,54.36,,,,,,,,69,5,4-Seam Fastball,2,13,2,13,13,2,2,13,Standard,Standard,217,0,0.146,shadow,0,"reynolds, matt"
SL,2022-10-05,85.7,-2.01,5.48,"Rucker, Michael",608703,621074,,ball,,,,,14,Matt Reynolds walks.   Jake Fraley to 2nd.,R,R,R,CIN,CHC,B,,,1,2,2022,0.35,-0.45,1.46,-0.11,,,641584,0,7,Bot,,,,,664731,,,7.492262879,-124.4568399,-5.987900146,2.060411315,25.7213946,-35.79808491,2.94,1.32,,,,85.4,2650,6.3,663131,621074,664731,663845,606019,623520,656716,621550,666624,676369,54.24,,,,,,,,69,4,Slider,2,13,2,13,13,2,2,13,Standard,Standard,47,0,0.085,waste,0,"reynolds, matt"
SL,2022-10-05,86.9,-1.85,5.57,"Rucker, Michael",608703,621074,,ball,,,,,14,Matt Reynolds walks.   Jake Fraley to 2nd.,R,R,R,CIN,CHC,B,,,0,2,2022,0.25,-0.34,1.38,1.38,,,641584,0,7,Bot,,,,,664731,,,7.220032007,-126.392023,-3.17775671,1.289341067,25.14641287,-35.35832745,2.97,1.43,,,,86.8,2593,6.2,663131,621074,664731,663845,606019,623520,656716,621550,666624,676369,54.28,,,,,,,,69,3,Slider,2,13,2,13,13,2,2,13,Standard,Standard,54,0,0.042,chase,0,"reynolds, matt"
FF,2022-10-05,95.9,-1.82,5.67,"Rucker, Michael",608703,621074,,foul,,,,,6,Matt Reynolds walks.   Jake Fraley to 2nd.,R,R,R,CIN,CHC,S,,,0,1,2022,-0.63,1.36,0.35,2.13,,,641584,0,7,Bot,,,,,664731,,,7.167077309,-139.4575415,-6.852512656,-9.715745265,29.05125935,-13.08546079,3.02,1.45,123,80,16,96.2,2318,6.3,663131,621074,664731,663845,606019,623520,656716,621550,666624,676369,54.17,,,,,,,,69,2,4-Seam Fastball,2,13,2,13,13,2,2,13,Standard,Standard,213,0,-0.08,heart,0,"reynolds, matt"
FF,2022-10-05,96.5,-1.9,5.67,"Rucker, Michael",608703,621074,,swinging_strike,,,,,5,Matt Reynolds walks.   Jake Fraley to 2nd.,R,R,R,CIN,CHC,S,,,0,0,2022,-0.67,1.48,0.23,2.25,,,641584,0,7,Bot,,,,,664731,,,7.160406078,-140.2782367,-6.9089082,-10.43108845,29.86673633,-11.21683696,3.02,1.45,,,,96.4,2307,6.1,663131,621074,664731,663845,606019,623520,656716,621550,666624,676369,54.36,,,,,,,,69,1,4-Seam Fastball,2,13,2,13,13,2,2,13,Standard,Standard,220,0,-0.066,heart,0,"reynolds, matt"
FC,2022-10-05,88.9,-1.88,5.63,"Rucker, Michael",641584,621074,single,hit_into_play,,,,,3,Jake Fraley singles on a ground ball to third baseman David Bote.,R,L,R,CIN,CHC,X,5,ground_ball,0,1,2022,0.17,0.29,0.64,2.88,,,,0,7,Bot,111.95,160.88,,,664731,,,5.805030264,-129.4274688,-1.358622452,0.8245701479,24.8251075,-28.79913243,3.28,1.59,4,50.2,-31,88.9,2410,6.1,663131,621074,664731,663845,606019,623520,656716,621550,666624,676369,54.43,0.154,0.168,0.9,1,1,0,1,68,2,Cutter,2,13,2,13,13,2,2,13,Infield shift,Standard,130,0.001,0.429,shadow,0,"fraley, jake"
FF,2022-10-05,95.8,-1.97,5.74,"Rucker, Michael",641584,621074,,foul,,,,,2,Jake Fraley singles on a ground ball to third baseman David Bote.,R,L,R,CIN,CHC,S,,,0,0,2022,-0.54,1.46,-0.03,3.29,,,,0,7,Bot,,,,,664731,,,6.32409371,-139.3425366,-4.128682693,-8.405063924,31.50911804,-12.46193036,3.28,1.59,222,70.8,34,95.6,2121,6.2,663131,621074,664731,663845,606019,623520,656716,621550,666624,676369,54.31,,,,,,,,68,1,4-Seam Fastball,2,13,2,13,13,2,2,13,Infield shift,Standard,221,0,-0.034,shadow,0,"fraley, jake"
FC,2022-10-05,89.4,-2.02,5.89,"Anderson, Chase",621550,502624,field_out,hit_into_play,,,,,6,Patrick Wisdom flies out to left fielder Stuart Fairchild.,R,R,R,CIN,CHC,X,7,fly_ball,1,0,2022,0.18,1.02,0.44,2.39,623520,656716,663845,2,7,Top,71.94,107.95,,,519222,,,5.650399955,-130.0700876,-4.775544457,0.9258998413,25.32662202,-19.8199547,3.33,1.61,263,92.4,53,89.2,2339,6,663131,502624,519222,456781,668715,608703,676480,656413,672279,641584,54.51,0.009,0.008,0,1,0,0,3,67,2,Cutter,2,13,13,2,13,2,13,2,Infield shift,Standard,197,0,-0.889,heart,0,"wisdom, patrick"
SI,2022-10-05,92,-1.79,5.93,"Anderson, Chase",621550,502624,,ball,,,,,11,Patrick Wisdom flies out to left fielder Stuart Fairchild.,R,R,R,CIN,CHC,B,,,0,0,2022,-1.3,1.16,-1.72,3.51,623520,656716,663845,2,7,Top,,,,,519222,,,2.972100932,-133.9326156,-2.826878978,-16.32864361,29.05054643,-17.75613039,3.52,1.59,,,,91.4,2085,5.9,663131,502624,519222,456781,668715,608703,676480,656413,672279,641584,54.58,,,,,,,,67,1,Sinker,2,13,13,2,13,2,13,2,Infield shift,Standard,209,0,0.121,waste,0,"wisdom, patrick"
CH,2022-10-05,81.8,-1.05,5.74,"Anderson, Chase",663845,502624,walk,ball,,,,,11,Alfonso Rivas walks.   Zach McKinstry to 2nd.,R,L,R,CIN,CHC,B,,,3,1,2022,-1.19,0.94,-1.04,3.7,623520,,656716,2,7,Top,,,,,519222,,,2.290824661,-119.0626072,0.1817797029,-11.726352,23.89220447,-23.5557079,3.39,1.51,,,,81,2047,5.8,663131,502624,519222,456781,668715,608703,676480,656413,672279,641584,54.65,,,0.7,1,0,0,,66,5,Changeup,2,13,13,2,13,2,13,2,Infield shift,Standard,239,0,0.144,shadow,0,"rivas, alfonso"
CH,2022-10-05,82,-0.95,5.88,"Anderson, Chase",663845,502624,,ball,,,,,11,Alfonso Rivas walks.   Zach McKinstry to 2nd.,R,L,R,CIN,CHC,B,,,2,1,2022,-1.46,0.82,-1.21,2.67,623520,,656716,2,7,Top,,,,,519222,,,2.207505755,-119.3907873,-2.272784064,-14.35912725,23.41464945,-24.07365034,3.39,1.56,,,,81.2,2131,5.8,663131,502624,519222,456781,668715,608703,676480,656413,672279,641584,54.73,,,,,,,,66,4,Changeup,2,13,13,2,13,2,13,2,Infield shift,Standard,238,0,0.165,chase,0,"rivas, alfonso"
CU,2022-10-05,75.9,-0.74,5.89,"Anderson, Chase",663845,502624,,ball,,,,,13,Alfonso Rivas walks.   Zach McKinstry to 2nd.,R,L,R,CIN,CHC,B,,,1,1,2022,0.61,-1.1,-1,2.12,623520,,656716,2,7,Top,,,,,519222,,,-1.625516063,-110.5285039,1.157122519,5.309146708,20.81963601,-41.60060561,3.39,1.54,,,,74.9,2026,5.7,663131,502624,519222,456781,668715,608703,676480,656413,672279,641584,54.84,,,,,,,,66,3,Curveball,2,13,13,2,13,2,13,2,Infield shift,Standard,25,0,0.034,shadow,0,"rivas, alfonso"
FF,2022-10-05,91.3,-0.69,5.94,"Anderson, Chase",663845,502624,,ball,,,,,12,Alfonso Rivas walks.   Zach McKinstry to 2nd.,R,L,R,CIN,CHC,B,,,0,1,2022,-0.47,1.34,0.38,4.52,623520,,656716,2,7,Top,,,,,519222,,,3.656704875,-132.9321235,-0.5867733567,-6.313017563,28.36447283,-16.3749043,3.47,1.56,,,,90.9,2027,6,663131,502624,519222,456781,668715,608703,676480,656413,672279,641584,54.53,,,,,,,,66,2,4-Seam Fastball,2,13,13,2,13,2,13,2,Infield shift,Standard,207,0,0.052,waste,0,"rivas, alfonso"
CH,2022-10-05,81.3,-0.92,5.85,"Anderson, Chase",663845,502624,,called_strike,,,,,8,Alfonso Rivas walks.   Zach McKinstry to 2nd.,R,L,R,CIN,CHC,S,,,0,0,2022,-1.43,1.12,0.18,1.82,623520,,656716,2,7,Top,,,,,519222,,,5.15826096,-118.2689773,-4.515607492,-14.41456888,23.20038166,-21.02491089,3.36,1.54,,,,80.6,2140,5.9,663131,502624,519222,456781,668715,608703,676480,656413,672279,641584,54.61,,,,,,,,66,1,Changeup,2,13,13,2,13,2,13,2,Infield shift,Standard,233,0,-0.078,shadow,0,"rivas, alfonso"
CH,2022-10-05,82.5,-0.82,5.81,"Anderson, Chase",656716,502624,force_out,hit_into_play,,,,,7,"Zach McKinstry grounds into a force out, first baseman Donovan Solano to shortstop Jose Barrero.   David Bote to 3rd.    Christopher Morel out at 2nd.    Zach McKinstry to 1st.",R,L,R,CIN,CHC,X,3,ground_ball,2,2,2022,-1.59,1.2,-0.72,1.57,,623520,666624,1,7,Top,154.6,167.58,,,519222,,,3.290895304,-120.0368654,-5.396398378,-16.04197253,23.72008408,-19.74024029,3.19,1.55,17,69.3,-4,81.8,2244,5.9,663131,502624,519222,456781,668715,608703,676480,656413,672279,641584,54.64,0.08,0.072,0,1,0,0,2,65,5,Changeup,2,13,13,2,13,2,13,2,Infield shift,Standard,232,0,-0.53,shadow,0,"mckinstry, zach"
CH,2022-10-05,82,-0.83,5.83,"Anderson, Chase",656716,502624,,swinging_strike,,,,,8,"Zach McKinstry grounds into a force out, first baseman Donovan Solano to shortstop Jose Barrero.   David Bote to 3rd.    Christopher Morel out at 2nd.    Zach McKinstry to 1st.",R,L,R,CIN,CHC,S,,,2,1,2022,-1.45,1.31,-0.13,1.91,,623520,666624,1,7,Top,,,,,519222,,,4.361415582,-119.2872377,-4.824130084,-14.69812451,22.79542031,-18.90974569,3.19,1.55,,,,81.6,2208,6,663131,502624,519222,456781,668715,608703,676480,656413,672279,641584,54.46,,,,,,,,65,4,Changeup,2,13,13,2,13,2,13,2,Infield shift,Standard,228,0,-0.13,heart,0,"mckinstry, zach"
FF,2022-10-05,91.1,-0.72,5.91,"Anderson, Chase",656716,502624,,ball,,,,,12,"Zach McKinstry grounds into a force out, first baseman Donovan Solano to shortstop Jose Barrero.   David Bote to 3rd.    Christopher Morel out at 2nd.    Zach McKinstry to 1st.",R,L,R,CIN,CHC,B,,,1,1,2022,-0.52,1.6,1.09,3.88,,623520,666624,1,7,Top,,,,,519222,,,5.611227154,-132.6527499,-2.639625278,-7.262771784,27.45193771,-12.94293209,3.33,1.59,,,,90.8,2131,6,663131,502624,519222,456781,668715,608703,676480,656413,672279,641584,54.53,,,,,,,,65,3,4-Seam Fastball,2,13,13,2,13,2,13,2,Infield shift,Standard,207,0,0.072,chase,0,"mckinstry, zach"
CH,2022-10-05,80.8,-0.96,5.85,"Anderson, Chase",656716,502624,,called_strike,,,,,1,"Zach McKinstry grounds into a force out, first baseman Donovan Solano to shortstop Jose Barrero.   David Bote to 3rd.    Christopher Morel out at 2nd.    Zach McKinstry to 1st.",R,L,R,CIN,CHC,S,,,1,0,2022,-1.53,1.18,-0.35,3.33,,623520,666624,1,7,Top,,,,,519222,,,4.246213049,-117.540817,-1.200530454,-15.01923374,22.73368358,-21.25785989,3.26,1.56,,,,80.1,2167,5.9,663131,502624,519222,456781,668715,608703,676480,656413,672279,641584,54.61,,,,,,,,65,2,Changeup,2,13,13,2,13,2,13,2,Infield shift,Standard,236,0,-0.089,shadow,0,"mckinstry, zach"
CH,2022-10-05,80.9,-0.86,5.92,"Anderson, Chase",656716,502624,,ball,,,,,11,"Zach McKinstry grounds into a force out, first baseman Donovan Solano to shortstop Jose Barrero.   David Bote to 3rd.    Christopher Morel out at 2nd.    Zach McKinstry to 1st.",R,L,R,CIN,CHC,B,,,0,0,2022,-1.47,1.26,-0.27,3.77,,623520,666624,1,7,Top,,,,,519222,,,4.081181472,-117.7009849,-0.5417450737,-14.41561757,22.99131067,-20.59248815,3.19,1.56,,,,80.1,2133,5.8,663131,502624,519222,456781,668715,608703,676480,656413,672279,641584,54.68,,,,,,,,65,1,Changeup,2,13,13,2,13,2,13,2,Infield shift,Standard,234,0,0.063,shadow,0,"mckinstry, zach"
FC,2022-10-05,88.3,-1.81,5.98,"Anderson, Chase",666624,502624,single,hit_into_play,,,,,14,Christopher Morel singles on a ground ball to center fielder Michael Siani.   P.J. Higgins scores.    David Bote to 2nd.,R,R,R,CIN,CHC,X,8,ground_ball,0,0,2022,0.35,1.04,0.83,2.2,,664731,623520,1,7,Top,120.06,105.76,,,519222,,,5.677873894,-128.5750141,-5.311224105,2.82776924,23.53558583,-19.77481106,3.4,1.59,68,74.5,6,88.1,2280,5.9,663131,502624,519222,456781,668715,608703,676480,656413,672279,641584,54.62,0.243,0.234,0.9,1,1,0,2,64,1,Cutter,2,12,12,2,13,2,13,2,Standard,Standard,198,-0.001,0.91,shadow,0,"morel, christopher"
SL,2022-10-05,87.6,-3.06,5.99,"Kuhnel, Joel",623520,669270,walk,ball,,,,,14,David Bote walks.,R,R,R,CIN,CHC,B,,,3,2,2022,0.43,0.19,1.29,1.98,,664731,,1,7,Top,,,,,519222,,,9.705392689,-127.4116777,-4.049071213,3.013095353,22.5346612,-29.53233793,3.31,1.51,,,,89,2415,6.9,663131,669270,519222,456781,668715,608703,676480,656413,672279,641584,53.61,,,0.7,1,0,0,,63,6,Slider,2,12,12,2,12,2,12,2,Standard,Standard,103,0,0.248,chase,0,"bote, david"
FF,2022-10-05,98.3,-2.31,6.15,"Kuhnel, Joel",623520,669270,,ball,,,,,14,David Bote walks.,R,R,R,CIN,CHC,B,,,2,2,2022,-0.55,0.9,1.14,1.6,,664731,,1,7,Top,,,,,519222,,,10.70838023,-142.6494728,-9.031700641,-9.812994085,31.1081529,-17.95789016,3.39,1.56,,,,99.5,2215,7,663131,669270,519222,456781,668715,608703,676480,656413,672279,641584,53.54,,,,,,,,63,5,4-Seam Fastball,2,12,12,2,12,2,12,2,Standard,Standard,220,0,0.088,chase,0,"bote, david"
FF,2022-10-05,96.5,-2.56,6.05,"Kuhnel, Joel",623520,669270,,foul,,,,,2,David Bote walks.,R,R,R,CIN,CHC,S,,,2,1,2022,-0.55,1.21,-0.11,3.03,,664731,,1,7,Top,,,,,519222,,,7.851174535,-140.3137523,-5.265621267,-9.053669338,30.78046902,-15.11742052,3.31,1.6,261,85.1,48,97.4,2274,6.8,663131,669270,519222,456781,668715,608703,676480,656413,672279,641584,53.72,,,,,,,,63,4,4-Seam Fastball,2,12,12,2,12,2,12,2,Standard,Standard,217,0,-0.082,heart,0,"bote, david"
SL,2022-10-05,86.3,-3.15,5.93,"Kuhnel, Joel",623520,669270,,ball,,,,,14,David Bote walks.,R,R,R,CIN,CHC,B,,,1,1,2022,0.57,0.1,0.97,0.87,,664731,,1,7,Top,,,,,519222,,,8.689857736,-125.2987274,-6.025400884,4.318871684,24.95313998,-30.0557058,3.31,1.51,,,,86.8,2384,6.7,663131,669270,519222,456781,668715,608703,676480,656413,672279,641584,53.81,,,,,,,,63,3,Slider,2,12,12,2,12,2,12,2,Standard,Standard,65,0,0.03,chase,0,"bote, david"
FF,2022-10-05,97.8,-2.43,5.99,"Kuhnel, Joel",623520,669270,,called_strike,,,,,9,David Bote walks.,R,R,R,CIN,CHC,S,,,1,0,2022,-0.51,1.24,0.32,1.78,,664731,,1,7,Top,,,,,519222,,,8.651395987,-142.0703324,-8.818305523,-8.764777771,30.92995901,-13.53736488,3.49,1.54,,,,98.9,2256,6.9,663131,669270,519222,456781,668715,608703,676480,656413,672279,641584,53.61,,,,,,,,63,2,4-Seam Fastball,2,12,12,2,12,2,12,2,Standard,Standard,212,0,-0.042,shadow,0,"bote, david"
SL,2022-10-05,87.6,-2.91,5.95,"Kuhnel, Joel",623520,669270,,ball,,,,,14,David Bote walks.,R,R,R,CIN,CHC,B,,,0,0,2022,0.54,-0.13,1.1,0.81,,664731,,1,7,Top,,,,,519222,,,8.639211303,-127.364647,-6.068279768,4.286741905,24.45642796,-32.63291167,3.39,1.54,,,,88.5,2433,6.8,663131,669270,519222,456781,668715,608703,676480,656413,672279,641584,53.73,,,,,,,,63,1,Slider,2,12,12,2,12,2,12,2,Standard,Standard,95,0,0.028,chase,0,"bote, david"
SI,2022-10-05,95.9,-2.11,6.02,"Kuhnel, Joel",664731,669270,double,hit_into_play,,,,,8,P.J. Higgins doubles (11) on a line drive to center fielder Michael Siani.   Franmil Reyes scores.    Nico Hoerner scores.,R,R,R,CIN,CHC,X,8,line_drive,0,1,2022,-1.17,0.7,0.25,2.09,,614177,663538,1,7,Top,163.08,74.86,,,519222,,,9.025886696,-139.3579466,-6.514727724,-17.2267941,28.2282673,-21.75465831,3.39,1.66,270,98.8,14,97.6,2172,7.1,663131,669270,519222,456781,668715,608703,676480,656413,672279,641584,53.38,0.829,0.818,1.25,1,1,1,4,62,2,Sinker,2,10,10,2,12,2,12,2,Standard,Standard,225,-0.002,1.585,heart,0,"higgins, p. j."
SI,2022-10-05,96.7,-2.1,6.16,"Kuhnel, Joel",664731,669270,,foul,,,,,13,P.J. Higgins doubles (11) on a line drive to center fielder Michael Siani.   Franmil Reyes scores.    Nico Hoerner scores.,R,R,R,CIN,CHC,S,,,0,0,2022,-1.41,0.8,-0.35,1.52,,614177,663538,1,7,Top,,,,,519222,,,7.968085013,-140.2390095,-8.6518743,-20.48396852,34.91457714,-19.68357032,3.39,1.66,2,98.6,-36,97.2,2189,7,663131,669270,519222,456781,668715,608703,676480,656413,672279,641584,53.53,,,,,,,,62,1,Sinker,2,10,10,2,10,2,10,2,Standard,Standard,221,0,-0.081,shadow,0,"higgins, p. j."
CH,2022-10-05,88.6,-2.31,6.06,"Kuhnel, Joel",663538,669270,single,hit_into_play,,,,,5,Nico Hoerner singles on a sharp ground ball to left fielder Stuart Fairchild.   Franmil Reyes to 2nd.,R,R,R,CIN,CHC,X,7,ground_ball,2,2,2022,-0.66,0.92,0.01,2.6,,,614177,1,7,Top,90.97,108.79,,,519222,,,7.139355345,-128.9488129,-4.416137386,-8.806108831,25.11739209,-21.14496949,3.19,1.55,113,100.7,5,90,1432,7,663131,669270,519222,456781,668715,608703,676480,656413,672279,641584,53.48,0.64,0.613,0.9,1,1,0,4,61,5,Changeup,2,10,10,2,10,2,10,2,Standard,Standard,209,0,0.512,heart,0,"hoerner, nico"
CH,2022-10-05,90.9,-2.32,6.06,"Kuhnel, Joel",663538,669270,,foul,,,,,8,Nico Hoerner singles on a sharp ground ball to left fielder Stuart Fairchild.   Franmil Reyes to 2nd.,R,R,R,CIN,CHC,S,,,2,1,2022,-0.71,0.98,0.21,1.53,,,614177,1,7,Top,,,,,519222,,,7.95394876,-131.9983468,-7.664101085,-9.923653819,25.84201554,-19.26547692,3.19,1.55,2,46.4,-37,92.3,1498,7.1,663131,669270,519222,456781,668715,608703,676480,656413,672279,641584,53.43,,,,,,,,61,4,Changeup,2,10,10,2,10,2,10,2,Standard,Standard,213,0,-0.086,shadow,0,"hoerner, nico"